Data;Histórico;Valor
01/09/2026;SALARIO EMPRESA FICTICIA LTDA;5.200,00
02/09/2026;ALUGUEL APTO;-1.800,00
03/09/2026;SUPERMERCADO BOM PRECO;-387,45
05/09/2026;POSTO COMBUSTIVEL CENTRAL;-210,00
05/09/2026;APP TRANSPORTE;-23,90
05/09/2026;APP TRANSPORTE;-23,90
08/09/2026;FARMACIA SAUDE TOTAL;-64,32
10/09/2026;CONDOMINIO RESIDENCIAL;-480,00
12/09/2026;RESTAURANTE SABOR CASEIRO;-92,50
15/09/2026;PIX RECEBIDO CLIENTE A;850,00
18/09/2026;STREAMING VIDEO;-39,90
20/09/2026;PADARIA DO BAIRRO;-18,75
22/09/2026;ENERGIA ELETRICA;-156,88
25/09/2026;CINEMA SHOPPING;-56,00
28/09/2026;INTERNET FIBRA;-99,90
30/09/2026;TRANSFERENCIA POUPANCA;-500,00
